<COMPONENT>
	<HEADER
		PLATEFORM="ALL"
		SERIAL=""
		VERSION="0.2"
		STATUS="ALPHA"
		COMPATIBILITY="ALL"
		AUTHOR="Edouard GUERIN"
		RELEASE_DATE="20110517A"
		STARTABLE="true">
		<SIGNATURE></SIGNATURE>
	</HEADER>

	<FAMILIES>
		<FAMILY>File/Management</FAMILY>
	</FAMILIES>

	<DOCUMENTATION>
		<URL/>
	</DOCUMENTATION>

	<CONNECTORS>
		<CONNECTOR CTYPE="FLOW" MAX_INPUT="0" MAX_OUTPUT="0"/>
		<CONNECTOR CTYPE="ITERATE" MAX_INPUT="1" MAX_OUTPUT="0" />
		<CONNECTOR CTYPE="SUBJOB_OK" MAX_INPUT="1" />
		<CONNECTOR CTYPE="SUBJOB_ERROR" MAX_INPUT="1" />
		<CONNECTOR CTYPE="COMPONENT_OK"/>
		<CONNECTOR CTYPE="COMPONENT_ERROR"/>
		<CONNECTOR CTYPE="RUN_IF"/>
	</CONNECTORS>

	<PARAMETERS>
		<PARAMETER NAME="PDF_INPUT" FIELD="FILE" NUM_ROW="10">
			<DEFAULT>"__COMP_DEFAULT_FILE_DIR__/file.pdf"</DEFAULT>
		</PARAMETER>
		<PARAMETER NAME="PDF_OUTPUT" FIELD="FILE" NUM_ROW="20">
			<DEFAULT>"__COMP_DEFAULT_FILE_DIR__/file.txt"</DEFAULT>
		</PARAMETER>
		<PARAMETER NAME="PDF_PAGE_START" FIELD="TEXT" NUM_ROW="30">
			<DEFAULT>-1</DEFAULT>
		</PARAMETER>
		<PARAMETER NAME="PDF_PAGE_END" FIELD="TEXT" NUM_ROW="30">
			<DEFAULT>-1</DEFAULT>
		</PARAMETER>
		<PARAMETER NAME="PDF_ENCODING" FIELD="ENCODING_TYPE" NUM_ROW="35"
			REQUIRED="true" REPOSITORY_VALUE="ENCODING">
			<DEFAULT>"UTF-8"</DEFAULT>
		</PARAMETER>
		<PARAMETER NAME="PDF_BY_AREA" FIELD="CHECK" NUM_ROW="50" REQUIRED="true">
			<DEFAULT>false</DEFAULT>
		</PARAMETER>
		<PARAMETER NAME="PDF_X" FIELD="TEXT" NUM_ROW="60" GROUP="AREA" SHOW_IF="PDF_BY_AREA == 'true'">
			<DEFAULT>0</DEFAULT>
		</PARAMETER>
		<PARAMETER NAME="PDF_Y" FIELD="TEXT" NUM_ROW="70" GROUP="AREA" SHOW_IF="PDF_BY_AREA == 'true'">
			<DEFAULT>0</DEFAULT>
		</PARAMETER>
		<PARAMETER NAME="PDF_WIDTH" FIELD="TEXT" NUM_ROW="80" GROUP="AREA" SHOW_IF="PDF_BY_AREA == 'true'">
			<DEFAULT>0</DEFAULT>
		</PARAMETER>
		<PARAMETER NAME="PDF_HEIGHT" FIELD="TEXT" NUM_ROW="90" GROUP="AREA" SHOW_IF="PDF_BY_AREA == 'true'">
			<DEFAULT>0</DEFAULT>
		</PARAMETER>
	</PARAMETERS>
	<ADVANCED_PARAMETERS />

	<CODEGENERATION>
		<IMPORTS>
			<IMPORT NAME="commons-logging-1.1.1" MODULE="commons-logging-1.1.1.jar" REQUIRED="true" />
			<IMPORT NAME="fontbox-1.5.0" MODULE="fontbox-1.5.0.jar" REQUIRED="true" />
			<IMPORT NAME="pdfbox-1.5.0" MODULE="pdfbox-1.5.0.jar" REQUIRED="true" />
			<IMPORT NAME="bcprov-jdk15-146" MODULE="bcprov-jdk15-146.jar" REQUIRED="true" />
			<IMPORT NAME="bcmail-jdk15-146" MODULE="bcmail-jdk15-146.jar" REQUIRED="true" />
			<IMPORT NAME="icu4j-3_8_1" MODULE="icu4j-3_8_1.jar" REQUIRED="true" />
		</IMPORTS>
	</CODEGENERATION>

	<RETURNS/>

</COMPONENT>